{"cameraMode":{"drawMode":0,"name":"Shaded","section":"Shading Mode"},"sceneLighting":false,"audioPlay":false,"sceneViewState":{"showFog":true,"showMaterialUpdate":false,"showSkybox":false,"showFlares":true,"showImageEffects":true,"showParticleSystems":true},"in2DMode":false,"pivot":{"x":-0.05724964290857315,"y":-0.047016024589538577,"z":-0.0966266393661499},"rotation":{"x":0.4429853558540344,"y":-0.015596617013216019,"z":0.007708015851676464,"w":0.8963611125946045},"size":2.2924933433532717,"orthographic":false}