{"cameraMode":{"drawMode":0,"name":"Shaded","section":"Shading Mode"},"sceneLighting":true,"audioPlay":false,"sceneViewState":{"showFog":true,"showMaterialUpdate":false,"showSkybox":true,"showFlares":true,"showImageEffects":true,"showParticleSystems":true},"in2DMode":false,"pivot":{"x":0.13116419315338136,"y":-0.2915308475494385,"z":-0.39487576484680178},"rotation":{"x":0.4469546377658844,"y":0.5451939702033997,"z":-0.435047447681427,"w":0.5601177215576172},"size":3.2245757579803469,"orthographic":false}