{"cameraMode":{"drawMode":0,"name":"Shaded","section":"Shading Mode"},"sceneLighting":true,"audioPlay":false,"sceneViewState":{"showFog":true,"showMaterialUpdate":false,"showSkybox":true,"showFlares":true,"showImageEffects":true,"showParticleSystems":true},"in2DMode":false,"pivot":{"x":851.2752685546875,"y":353.8751220703125,"z":-161.84744262695313},"rotation":{"x":0.1167091652750969,"y":0.0202572550624609,"z":-0.002379770390689373,"w":0.9929594397544861},"size":260.7049865722656,"orthographic":false}