{"cameraMode":{"drawMode":0,"name":"Shaded","section":"Shading Mode"},"sceneLighting":false,"audioPlay":false,"sceneViewState":{"showFog":true,"showMaterialUpdate":false,"showSkybox":false,"showFlares":true,"showImageEffects":true,"showParticleSystems":true},"in2DMode":false,"pivot":{"x":0.46540534496307375,"y":0.6549474000930786,"z":-0.5365917682647705},"rotation":{"x":-0.013136005960404873,"y":0.9582022428512573,"z":-0.04458855092525482,"w":-0.2822911739349365},"size":2.0793349742889406,"orthographic":false}