{"cameraMode":{"drawMode":0,"name":"Shaded","section":"Shading Mode"},"sceneLighting":true,"audioPlay":false,"sceneViewState":{"showFog":true,"showMaterialUpdate":false,"showSkybox":true,"showFlares":true,"showImageEffects":true,"showParticleSystems":true},"in2DMode":false,"pivot":{"x":1086.7122802734375,"y":250.72023010253907,"z":445.5037536621094},"rotation":{"x":0.10775270313024521,"y":-0.0262413639575243,"z":0.0028451913967728616,"w":0.9938281178474426},"size":914.4764404296875,"orthographic":false}