{"cameraMode":{"drawMode":0,"name":"Shaded","section":"Shading Mode"},"sceneLighting":false,"audioPlay":false,"sceneViewState":{"showFog":true,"showMaterialUpdate":false,"showSkybox":false,"showFlares":true,"showImageEffects":true,"showParticleSystems":true},"in2DMode":false,"pivot":{"x":0.016071677207946779,"y":0.4140980839729309,"z":-0.06168937683105469},"rotation":{"x":-0.013136005960404873,"y":0.9582022428512573,"z":-0.04458855092525482,"w":-0.2822911739349365},"size":3.412391185760498,"orthographic":false}