{"cameraMode":{"drawMode":0,"name":"Shaded","section":"Shading Mode"},"sceneLighting":true,"audioPlay":false,"sceneViewState":{"showFog":true,"showMaterialUpdate":false,"showSkybox":true,"showFlares":true,"showImageEffects":true,"showParticleSystems":true},"in2DMode":false,"pivot":{"x":224.03660583496095,"y":314.7887878417969,"z":358.1861267089844},"rotation":{"x":0.07193692028522492,"y":0.00508854491636157,"z":-0.0003669738071039319,"w":0.9973968267440796},"size":805.0731811523438,"orthographic":false}