{"cameraMode":{"drawMode":0,"name":"Shaded","section":"Shading Mode"},"sceneLighting":true,"audioPlay":false,"sceneViewState":{"showFog":true,"showMaterialUpdate":false,"showSkybox":true,"showFlares":true,"showImageEffects":true,"showParticleSystems":true},"in2DMode":false,"pivot":{"x":476.41455078125,"y":246.46144104003907,"z":345.69647216796877},"rotation":{"x":0.07193692028522492,"y":0.00508854491636157,"z":-0.0003669738071039319,"w":0.9973968267440796},"size":1227.293212890625,"orthographic":false}