{"cameraMode":{"drawMode":0,"name":"Shaded","section":"Shading Mode"},"sceneLighting":false,"audioPlay":false,"sceneViewState":{"showFog":true,"showMaterialUpdate":false,"showSkybox":false,"showFlares":true,"showImageEffects":true,"showParticleSystems":true},"in2DMode":false,"pivot":{"x":1.0487945079803467,"y":-0.012567788362503052,"z":5.4861931800842289},"rotation":{"x":-0.25506192445755007,"y":-0.0530548021197319,"z":0.01401757076382637,"w":-0.9653668403625488},"size":0.8871423602104187,"orthographic":false}