{"cameraMode":{"drawMode":0,"name":"Shaded","section":"Shading Mode"},"sceneLighting":true,"audioPlay":false,"sceneViewState":{"showFog":true,"showMaterialUpdate":false,"showSkybox":true,"showFlares":true,"showImageEffects":true,"showParticleSystems":true},"in2DMode":false,"pivot":{"x":1.983795166015625,"y":12.356285095214844,"z":23.447664260864259},"rotation":{"x":0.37307414412498476,"y":0.4021720886230469,"z":-0.18395771086215974,"w":0.8156208395957947},"size":60.101295471191409,"orthographic":false}